oid,expid,hjd,mjd,mag,magerr,catflags,filtercode,ra,dec,chi,sharp,filefracday,field,ccdid,qid,limitmag,magzp,magzprms,clrcoeff,clrcounc,exptime,airmass,programid
1694110100000370,58442258,2458338.9236332192,58338.422580999999,20.2167168,0.114179254,0,zg,22.416894500000001,38.703031199999998,0.755999982,0.0769999996,20180808422569,1694,0xa,0x1,21.2600002,26.1823845,0.0291783512,-0.0197526235,6.82302334e-06,30,1.09099996,2
1694110100000370,59039555,2458344.8971154257,58344.3955556,20.0141602,0.0994244814,0,zg,22.416875699999999,38.703015100000002,0.773999989,0.0160000008,20180814395532,1694,0xa,0x1,21.5799999,26.1578846,0.0251894314,-0.0356617868,5.12457063e-06,30,1.12,2
1694110100000370,59450736,2458349.0092624058,58348.507361099997,19.7459297,0.0821212232,0,zg,22.416960199999998,38.703006600000002,0.910000026,0.134000003,20180818507350,1694,0xa,0x1,21.0599995,26.2226505,0.0291746445,-0.0422298275,7.29776184e-06,30,1.01499999,2
1694110100000370,60935381,2458363.8568721949,58363.353819399999,19.8804111,0.090461649,0,zg,22.4168807,38.703055800000001,1.03699994,-0.158999994,20180902353808,1694,0xa,0x1,20.5,26.2190914,0.0371409319,-0.0269715227,1.42430308e-05,30,1.09300005,2
1694110100000370,61045091,2458364.954045977,58364.450914399997,19.7619553,0.0830793232,0,zg,22.4170029,38.703054000000002,0.574999988,0.0250000004,20180903450891,1694,0xa,0x1,20.7299995,26.2196236,0.0334719941,-0.0295927115,1.03256834e-05,30,1.00699997,2
1694110100000370,61142965,2458365.9328537988,58365.429652799998,19.9413815,0.0944660977,0,zg,22.416882399999999,38.702973800000002,0.800000012,-0.00700000022,20180904429653,1694,0xa,0x1,21.5200005,26.2710667,0.0262918863,-0.0541338883,5.47989339e-06,30,1.00199997,2
1694110100000370,61245870,2458366.9619767768,58366.458703700002,19.9459572,0.0947722346,0,zg,22.416870200000002,38.702998399999998,0.768999994,-0.0850000009,20180905458681,1694,0xa,0x1,21.4500008,26.2746143,0.0275873784,-0.0519236736,6.12027816e-06,30,1.01699996,2
1694110100000370,62929004,2458383.7943476685,58383.290046299997,20.0207253,0.0998811722,0,zg,22.4168944,38.703049800000002,0.563000023,-0.0149999997,20180922290035,1694,0xa,0x1,20.8400002,26.1809235,0.0294525512,-0.0368650854,8.19866e-06,30,1.11600006,2
1694110100000370,63140049,2458385.9049055544,58385.4004977,19.8103371,0.0860306621,0,zg,22.416969000000002,38.702925399999998,0.537,-0.136999995,20180924400475,1694,0xa,0x1,20.5499992,26.2643166,0.0313088521,-0.0450672172,1.10904239e-05,30,1.01199996,2
1694110100000370,63434576,2458388.8503110902,58388.345763899997,19.8938599,0.0913330317,0,zg,22.416934399999999,38.702936600000001,0.796999991,0.0989999995,20180927345752,1694,0xa,0x1,20.5900002,26.2542324,0.0326301381,-0.0384943485,1.15512485e-05,30,1.00699997,2
1694110100000370,63632269,2458390.8273313195,58390.322696800002,19.8203812,0.0866544619,0,zg,22.416854900000001,38.702979499999998,0.741999984,-0.0850000009,20180929322697,1694,0xa,0x1,21,26.2737484,0.0282227639,-0.0645542592,7.04687818e-06,30,1.02100003,2
1694110100000370,67626857,2458430.7737729107,58430.268576399998,19.9627457,0.0959017649,0,zg,22.416895400000001,38.702972099999997,0.740999997,0.0340000018,20181108268553,1694,0xa,0x1,21.9899998,26.2717056,0.024023667,-0.0690243617,4.52157337e-06,30,1.005,2
1694110100000370,68120517,2458435.7102714372,58435.205173599999,19.9679527,0.0962541997,0,zg,22.417293999999998,38.702963199999999,0.430000007,0.075000003,20181113205162,1694,0xa,0x1,20.4599991,26.2742062,0.0353055336,-0.0524456538,1.26962332e-05,30,1.01499999,2
1694110100000370,68218214,2458436.6872151098,58436.182141199999,19.8716354,0.0898966044,0,zg,22.416843799999999,38.703096500000001,1.39499998,0.185000002,20181114182106,1694,0xa,0x1,20.3899994,26.2738743,0.0368942805,-0.0434050523,1.47426572e-05,30,1.03900003,2
1694110100000370,68927081,2458443.7756684078,58443.270810200003,19.9861889,0.0974962562,0,zg,22.416908500000002,38.702938600000003,0.583000004,-0.273000002,20181121270810,1694,0xa,0x1,20.4500008,26.285408,0.0332446694,-0.0693582296,1.24191065e-05,30,1.04400003,2
1694110100000370,71822722,2458472.7305011661,58472.227222200003,19.7781258,0.0840559304,0,zg,22.4169248,38.702945900000003,0.741999984,-0.331999987,20181220227211,1694,0xa,0x1,20.0799999,26.2711906,0.0366231203,-0.0573939681,1.7713377e-05,30,1.12199998,2
1694110100000370,93449120,2458688.9909379468,58688.491203700003,20.0232639,0.100058191,0,zg,22.416849200000001,38.702921400000001,0.476999998,0.0649999976,20190724491192,1694,0xa,0x1,21.0400009,26.1714859,0.0280808378,-0.0667984188,6.84686665e-06,30,1.03999996,2
1694110100000370,93449165,2458688.9913893812,58688.491655099999,19.8394203,0.0878472701,0,zg,22.416929499999998,38.702900800000002,0.873000026,-0.0439999998,20190724491644,1694,0xa,0x1,21.1000004,26.1646404,0.0290932972,-0.0613775775,7.13602731e-06,30,1.03900003,3
1694110100000370,94349451,2458697.9950317852,58697.494513899997,19.9366875,0.0941529721,0,zg,22.416879099999999,38.702942100000001,0.763999999,0.0610000007,20190802494502,1694,0xa,0x1,21.5699997,26.1850014,0.0246516392,-0.0625243261,4.7524386e-06,30,1.00999999,2
1694110100000370,94349496,2458697.995483221,58697.4949653,20.024231,0.100125566,0,zg,22.4169059,38.702976399999997,0.36500001,0.023,20190802494965,1694,0xa,0x1,21.5799999,26.1805458,0.0256351735,-0.0607963055,5.23964036e-06,30,1.00999999,3
1694110100000370,95443305,2458708.9345129365,58708.433055599999,20.0206566,0.0998763517,0,zg,22.416778000000001,38.702842599999997,0.734000027,-0.187999994,20190813433044,1694,0xa,0x1,20.6200008,26.1918335,0.0322636031,-0.0251983609,1.05670288e-05,30,1.04499996,2
1694110100000370,95443350,2458708.9349642526,58708.433506900001,19.791853,0.0848927125,0,zg,22.416993099999999,38.703000000000003,0.859000027,-0.0719999969,20190813433507,1694,0xa,0x1,20.6100006,26.1960144,0.0336769894,-0.0177805666,1.14090435e-05,30,1.04400003,3
1694110100000370,96845538,2458722.9579754504,58722.455381899999,19.9203072,0.0930664092,0,zg,22.4169254,38.702956200000003,0.801999986,-0.0109999999,20190827455312,1694,0xa,0x1,21.8999996,26.1456757,0.0242509898,-0.0533138812,4.62345997e-06,30,1.00199997,2
1694110100000370,96845582,2458722.958415383,58722.455821800002,19.9659042,0.096115455,0,zg,22.416941999999999,38.702958000000002,1.14100003,0.172000006,20190827455822,1694,0xa,0x1,21.8799992,26.1462727,0.0245779175,-0.052712433,4.76577134e-06,30,1.00199997,3
1694110100000370,96943782,2458723.9404929164,58723.437824100001,19.9730835,0.096602425,0,zg,22.416961199999999,38.702967600000001,0.611999989,-0.0419999994,20190828437812,1694,0xa,0x1,21.9899998,26.1568947,0.0227962434,-0.0657566264,4.078448e-06,30,1.00399995,2
1694110100000370,97141701,2458725.9198322343,58725.417013899998,19.987112,0.0975594148,0,zg,22.416862299999998,38.702943699999999,0.906000018,0.171000004,20190830417002,1694,0xa,0x1,22.0400009,26.1844234,0.0238257274,-0.074743025,4.41474276e-06,30,1.01100004,2
1694110100000370,97143141,2458725.9342314131,58725.431411999998,20.0008049,0.0985003933,0,zg,22.416868300000001,38.702945700000001,0.809000015,-0.00400000019,20190830431238,1694,0xa,0x1,22.0499992,26.1941452,0.0233982597,-0.0849118084,4.3375444e-06,30,1.00399995,3
1694110100000370,97243559,2458726.9384844261,58726.435590300003,19.9386635,0.0942846611,0,zg,22.4168843,38.702949599999997,0.80400002,-0.0199999996,20190831435532,1694,0xa,0x1,21.9200001,26.1740189,0.0242841002,-0.0657620355,4.64373716e-06,30,1.00199997,2
1694110100000370,97243604,2458726.9389358559,58726.436041699999,19.9226494,0.0932211801,0,zg,22.416944999999998,38.702961199999997,0.593999982,-0.0439999998,20190831436042,1694,0xa,0x1,21.8500004,26.1690025,0.0238683242,-0.0570936874,4.48574247e-06,30,1.00199997,3
1694110100000370,97345258,2458727.9555499828,58727.452580999998,19.9800014,0.0970734507,0,zg,22.416892699999998,38.702934399999997,1.824,-0.0469999984,20190901452569,1694,0xa,0x1,21.8700008,26.1453228,0.0244137514,-0.0569311827,4.70057375e-06,30,1.005,2
1694110100000370,97345303,2458727.9560014154,58727.453032400001,19.9962807,0.0981886908,0,zg,22.416914200000001,38.702924299999999,0.703000009,-0.0320000015,20190901453032,1694,0xa,0x1,21.9400005,26.1536007,0.024230741,-0.0663189366,4.59448393e-06,30,1.005,3
1694110100000370,97841439,2458732.9177198284,58732.414398100002,20.0118637,0.0992651433,0,zg,22.4168403,38.702976499999998,0.703999996,-0.00700000022,20190906414398,1694,0xa,0x1,21.8299999,26.1398106,0.0273783449,-0.0638343394,5.86586202e-06,30,1.00300002,2
1694110100000370,97841484,2458732.9181712563,58732.414849499997,19.9943962,0.098059088,0,zg,22.416931399999999,38.702957699999999,0.896000028,0.112000003,20190906414850,1694,0xa,0x1,22.1000004,26.1393433,0.0259039328,-0.0689994246,5.26146277e-06,30,1.00300002,3
1694110100000370,97947045,2458733.9738453706,58733.470451399997,20.0308685,0.100589603,0,zg,22.4169242,38.7029614,1.36000001,-0.120999999,20190907470417,1694,0xa,0x1,21.6800003,26.175108,0.0255158991,-0.0705731139,5.19069363e-06,30,1.03600001,2
1694110100000370,97947091,2458733.9743084051,58733.470914400001,20.0847435,0.104412705,0,zg,22.416848300000002,38.702974300000001,0.855000019,-0.0689999983,20190907470903,1694,0xa,0x1,21.75,26.1669807,0.0250143763,-0.0609596446,4.95202812e-06,30,1.03600001,3
1694110100000370,98042289,2458734.926351747,58734.422893499999,20.0999603,0.105510511,0,zg,22.416935599999999,38.702916600000002,1.06700003,-0.166999996,20190908422789,1694,0xa,0x1,21.1900005,26.1805725,0.0298076961,-0.0509428717,7.40438054e-06,30,1.00199997,2
1694110100000370,98042334,2458734.9268031749,58734.423344900002,19.9304886,0.0937406272,0,zg,22.4169579,38.702941000000003,0.777999997,0.123999998,20190908423345,1694,0xa,0x1,21.1800003,26.1770992,0.0315154046,-0.0512975045,8.04058345e-06,30,1.00199997,3
1694110100000370,98339290,2458737.8965581232,58737.392905100001,19.7756004,0.0839027315,0,zg,22.416947199999999,38.702994799999999,0.368999988,0.0549999997,20190911392870,1694,0xa,0x1,20.5400009,26.1852493,0.0315235816,-0.0471162833,1.000477e-05,30,1.00600004,2
1694110100000370,98339335,2458737.8970095539,58737.393356499997,19.9270611,0.0935132504,0,zg,22.416909499999999,38.702998100000002,0.469999999,-0.057,20190911393345,1694,0xa,0x1,20.7099991,26.1967087,0.03100661,-0.0606969967,9.25356744e-06,30,1.00600004,3
1694110100000370,99241800,2458746.9221977796,58746.418009300003,19.9898472,0.0977467895,0,zg,22.4168436,38.702821800000002,0.405999988,0.0790000036,20190920417986,1694,0xa,0x1,20.6399994,26.1716194,0.0318210348,-0.0384482816,1.0142302e-05,30,1.01600003,2
1694110100000370,99241846,2458746.9226491004,58746.418460599998,19.8921852,0.0912242159,0,zg,22.416823699999998,38.702894700000002,0.839999974,-0.115999997,20190920418461,1694,0xa,0x1,20.75,26.1639462,0.0313893072,-0.0288467407,9.4062143e-06,30,1.01699996,3
1694110100000370,99534946,2458749.8538101795,58749.349467599997,19.9433613,0.0945984572,0,zg,22.416933700000001,38.702955299999999,0.850000024,-0.112000003,20190923349421,1694,0xa,0x1,21.6299992,26.1479187,0.0262803957,-0.0727795884,5.55986298e-06,30,1.01199996,2
1694110100000370,99534991,2458749.8542616023,58749.349919,19.9323845,0.0938665569,0,zg,22.416957100000001,38.7029456,1.26600003,0.167999998,20190923349919,1694,0xa,0x1,21.5300007,26.1289425,0.0258503649,-0.0534895062,5.38515769e-06,30,1.01199996,3
1694110100000370,99638277,2458750.8871722366,58750.382777799998,19.8693771,0.0897517055,0,zg,22.416886000000002,38.702958099999996,0.667999983,-0.0299999993,20190924382743,1694,0xa,0x1,21.4899998,26.1079788,0.0271438137,-0.0857984647,5.8489627e-06,30,1.00300002,2
1694110100000370,99638322,2458750.8876236589,58750.383229200001,19.9188194,0.0929682106,0,zg,22.416909499999999,38.702943400000002,1.09200001,-0.0820000023,20190924383229,1694,0xa,0x1,21.4599991,26.1044197,0.0276375525,-0.0796607435,6.11236328e-06,30,1.00300002,3
1694110100000370,99742072,2458751.9251743834,58751.420729199999,19.9889297,0.0976839438,0,zg,22.4169555,38.702997699999997,0.757000029,0.0879999995,20190925420706,1694,0xa,0x1,21.2000008,26.0732441,0.0307479855,-0.043197833,7.74174441e-06,30,1.03499997,2
1694110100000370,99742118,2458751.9256258067,58751.421180600002,20.14925,0.109118246,0,zg,22.416878499999999,38.703004700000001,0.691999972,0.0419999994,20190925421181,1694,0xa,0x1,21.3999996,26.076561,0.030873185,-0.0621421263,7.65289406e-06,30,1.03499997,3
1694110100000370,100342771,2458757.9324317179,58757.427719899999,20.0032673,0.0986703336,0,zg,22.416799999999999,38.702943699999999,0.546000004,0.0489999987,20191001427708,1694,0xa,0x1,21.3899994,26.1807632,0.0290769115,-0.0807016343,6.73066916e-06,30,1.07500005,2
1694110100000370,100342817,2458757.9328831332,58757.428171300002,20.0560074,0.102361061,0,zg,22.416925500000001,38.702942899999996,0.648999989,0.0289999992,20191001428171,1694,0xa,0x1,21.4099998,26.1815052,0.0294632092,-0.0833827034,6.92320145e-06,30,1.07599998,3
1694110100000370,100438201,2458758.8867636924,58758.382013900002,19.9758835,0.0967928693,0,zg,22.416907800000001,38.702958000000002,0.649999976,0.0970000029,20191002382002,1694,0xa,0x1,21.6800003,26.1586895,0.0269959513,-0.0603224114,5.77559103e-06,30,1.01400006,2
1694110100000370,100438247,2458758.887226711,58758.382476899998,19.97122,0.0964758545,0,zg,22.416935899999999,38.702938400000001,1.08599997,-0.0500000007,20191002382465,1694,0xa,0x1,21.7700005,26.1720257,0.026278371,-0.0787701085,5.44484055e-06,30,1.01400006,3
1694110100000370,100638699,2458760.8918162151,58760.386990699997,20.0414791,0.101334721,0,zg,22.416872600000001,38.702991099999998,0.411000013,0.0480000004,20191004386979,1694,0xa,0x1,21.4599991,26.1719074,0.0269620027,-0.0630181804,5.82391476e-06,30,1.023,2
1694110100000370,100638744,2458760.8922676318,58760.3874421,19.9551411,0.0953888595,0,zg,22.416891799999998,38.702976399999997,0.690999985,0.0419999994,20191004387442,1694,0xa,0x1,21.4099998,26.1645679,0.0284051169,-0.0467214845,6.4637652e-06,30,1.02400005,3
1694110100000370,100828978,2458762.7946723476,58762.2897801,20.0420818,0.101377189,0,zg,22.416718899999999,38.703009799999997,0.93599999,0.0759999976,20191006289757,1694,0xa,0x1,21.0900002,26.1593399,0.0301973447,-0.0390158929,7.53523682e-06,30,1.03900003,2
1694110100000370,100829023,2458762.7951237634,58762.290231500003,20.0769768,0.103855528,0,zg,22.4169585,38.702938199999998,0.500999987,-0.0350000001,20191006290232,1694,0xa,0x1,21.3400002,26.1582451,0.0270101167,-0.0457069203,5.99898203e-06,30,1.03799999,3
1694110100000370,101030333,2458764.808290659,58764.303333299998,20.0774326,0.103888147,0,zg,22.416913900000001,38.7029481,0.800999999,0.179000005,20191008303322,1694,0xa,0x1,21.2000008,26.1539841,0.0269570854,-0.0631860495,6.04244042e-06,30,1.01699996,2
1694110100000370,101030378,2458764.8087420729,58764.303784700001,20.0112934,0.0992256328,0,zg,22.4169065,38.702952600000003,0.860000014,0.0209999997,20191008303785,1694,0xa,0x1,21.2099991,26.1578445,0.0281144232,-0.0700423345,6.47631214e-06,30,1.01600003,3
1694110100000370,101228937,2458766.7943909499,58766.289375,20.0920963,0.10494215,0,zg,22.416691400000001,38.702853300000001,1.20799994,0.0419999994,20191010289329,1694,0xa,0x1,20.3600006,26.172369,0.0340814292,-0.0482878685,1.28420161e-05,30,1.02499998,2
1694110100000370,101428145,2458768.7865273231,58768.2814583,19.644968,0.0763071403,0,zg,22.4168588,38.702924400000001,0.864000022,-0.166999996,20191012281400,1694,0xa,0x1,20.2900009,26.1525345,0.0372917168,-0.0531425104,1.74727447e-05,30,1.028,2
1694110100000370,101428190,2458768.7869787375,58768.281909700003,20.1259613,0.107403807,0,zg,22.417076699999999,38.702835700000001,0.735000014,-0.182999998,20191012281910,1694,0xa,0x1,20.2399998,26.1435318,0.0353265144,-0.0291679259,1.57913873e-05,30,1.028,3
1694110100000370,102922751,2458783.7327912366,58783.227511600002,19.9554806,0.0954117328,0,zg,22.416882300000001,38.702948200000002,1.35500002,-0.061999999,20191027227500,1694,0xa,0x1,21.1100006,26.1759377,0.0347529799,-0.087754108,9.86347459e-06,30,1.046,2
1694110100000370,102922796,2458783.733242637,58783.227962999998,20.0361633,0.10096091,0,zg,22.416917000000002,38.702981100000002,0.874000013,0.141000003,20191027227963,1694,0xa,0x1,21.2299995,26.1786213,0.0343552306,-0.0941736475,9.71779627e-06,30,1.046,3
1694110100000370,103221964,2458786.7249220652,58786.219641199998,19.955555,0.0954166949,0,zg,22.4168509,38.703075400000003,1.31900001,0.0109999999,20191030219618,1694,0xa,0x1,20.7999992,26.1373119,0.0391011946,-0.0727823377,1.37340694e-05,30,1.046,2
1694110100000370,103222009,2458786.725373467,58786.2200926,20.0142345,0.0994297788,0,zg,22.416771300000001,38.702984700000002,1.19000006,0.0659999996,20191030220093,1694,0xa,0x1,20.9899998,26.1389904,0.0398745127,-0.0794399455,1.36646768e-05,30,1.04499996,3
1694110100000370,103537234,2458789.8776166425,58789.372349500001,20.0857506,0.104485214,0,zg,22.416925599999999,38.702998700000002,0.98299998,0.0909999982,20191102372350,1694,0xa,0x1,20.7099991,26.1360931,0.0372706912,-0.0645324439,1.28685579e-05,30,1.16400003,2
1694110100000370,103537280,2458789.8780680434,58789.372800899997,20.0102119,0.0991505906,0,zg,22.416918899999999,38.702883,1.13699996,0.114,20191102372801,1694,0xa,0x1,20.6399994,26.1365547,0.0364904851,-0.0624434054,1.24251856e-05,30,1.16499996,3
1694110100000370,103726246,2458791.7677168874,58791.262465300002,19.8692665,0.0897445977,0,zg,22.416879099999999,38.702972600000003,0.753000021,-0.0379999988,20191104262465,1694,0xa,0x1,21.3500004,26.1568871,0.0315194018,-0.0718355328,8.1169519e-06,30,1.00199997,2
1694110100000370,103726291,2458791.7681682822,58791.262916699998,20.1550198,0.109545641,0,zg,22.416898700000001,38.703007800000002,0.944999993,-0.0250000004,20191104262917,1694,0xa,0x1,21.2999992,26.1576405,0.0328663401,-0.0747129545,8.90723641e-06,30,1.00199997,3
1694110100000370,103918594,2458793.6911791628,58793.1859491,20.1280804,0.107559122,0,zg,22.416829100000001,38.702933600000001,0.737999976,-0.143999994,20191106185949,1694,0xa,0x1,20.8899994,26.1256065,0.0299931653,-0.047325749,8.22398579e-06,30,1.07299995,2
1694110100000370,103918640,2458793.6916305562,58793.186400500002,19.9291592,0.0936523825,0,zg,22.4168901,38.702993499999998,1.05999994,0.208000004,20191106186389,1694,0xa,0x1,21.0200005,26.1246853,0.0310322363,-0.0462470166,8.33973991e-06,30,1.07200003,3
1694110100000370,104119667,2458795.7018797258,58795.196678200002,19.926178,0.0934547186,0,zg,22.4168603,38.702985599999998,0.737999976,-0.217999995,20191108196667,1694,0xa,0x1,20.6499996,26.1556587,0.03038726,-0.0430042967,9.48945399e-06,30,1.04299998,2
1694110100000370,104119712,2458795.7023311141,58795.197129599997,20.109827,0.106226325,0,zg,22.4168485,38.7031068,1.20500004,-0.143999994,20191108197130,1694,0xa,0x1,20.7700005,26.153307,0.0304669067,-0.0475001857,9.34874879e-06,30,1.04299998,3
1694210100000536,57840994,2458332.9104744955,58332.409942099999,19.9461842,0.0967604145,0,zr,22.416858399999999,38.702936200000003,0.772000015,0.0309999995,20180802409942,1694,0xa,0x1,20.75,26.1868725,0.0224872399,0.0955490917,3.93572918e-06,30,1.17900002,2
1694210100000536,57841040,2458332.9109375309,58332.410405100003,20.3113365,0.127089947,0,zr,22.4169178,38.702958000000002,0.36500001,0.0839999989,20180802410394,1694,0xa,0x1,20.8400002,26.1770248,0.0249397177,0.0995679721,4.85861392e-06,30,1.17799997,2
1694210100000536,58042643,2458334.927142581,58334.426435200003,20.0483074,0.104541034,0,zr,22.416884899999999,38.7029766,0.501999974,-0.0109999999,20180804426435,1694,0xa,0x1,21.1599998,26.2296467,0.0228631087,0.0977043286,4.06475556e-06,30,1.10899997,2
1694210100000536,58142254,2458335.9233399127,58335.422546299997,20.2626915,0.12264619,0,zr,22.4169163,38.702934800000001,0.574999988,0.0419999994,20180805422535,1694,0xa,0x1,21.2399998,26.2446671,0.0192246847,0.103004605,2.89828017e-06,30,1.11300004,2
1694210100000536,58142299,2458335.9237913513,58335.4229977,20.1810913,0.115469858,0,zr,22.4168971,38.702978299999998,0.65200001,-0.158999994,20180805422986,1694,0xa,0x1,21.2999992,26.2430935,0.0191500001,0.100214072,2.88364117e-06,30,1.11099994,2
1694210100000536,58244446,2458336.9453495196,58336.444467599998,20.1775665,0.115167864,0,zr,22.4168719,38.702983600000003,0.583000004,-0.112999998,20180806444213,1694,0xa,0x1,21.1599998,26.2555943,0.0192943309,0.105884284,2.92909203e-06,30,1.05700004,2
1694210100000536,58244586,2458336.9467501412,58336.445868100003,20.2742825,0.123693958,0,zr,22.416846,38.703015899999997,0.375999987,-0.00800000038,20180806445845,1694,0xa,0x1,20.8500004,26.2702827,0.0206774008,0.102585979,3.35631739e-06,30,1.05400002,2
1694210100000536,59045231,2458344.9538794127,58344.452314800001,20.0518436,0.104820088,0,zr,22.416926700000001,38.702947399999999,0.437999994,0,20180814452292,1694,0xa,0x1,21.7800007,26.2096214,0.0218142681,0.103479937,3.89367506e-06,30,1.01600003,2
1694210100000536,59934836,2458353.8506604433,58353.3483681,20.2137356,0.118298724,0,zr,22.416884499999998,38.702983199999998,1.39400005,-0.216000006,20180823348345,1694,0xa,0x1,21.0400009,26.2381878,0.0215827934,0.101044714,3.72028035e-06,30,1.19700003,2
1694210100000536,60033104,2458354.833411762,58354.331041700003,20.4837894,0.143811867,0,zr,22.4169026,38.702893400000001,0.725000024,-0.0160000008,20180824330995,1694,0xa,0x1,21.0200005,26.2294292,0.0247152578,0.100511923,4.86592489e-06,30,1.26100004,2
1694210100000536,60132884,2458355.831290958,58355.3288426,20.1607399,0.11373467,0,zr,22.416907399999999,38.702984499999999,1.15499997,-0.261999995,20180825328796,1694,0xa,0x1,20.7800007,26.2353535,0.0217612553,0.0973054245,3.77152242e-06,30,1.25800002,2
1694210100000536,60232508,2458356.8276068936,58356.325081000003,19.9166279,0.0946082026,0,zr,22.416859500000001,38.702959200000002,0.712000012,-0.0379999988,20180826325035,1694,0xa,0x1,20.5699997,26.2412033,0.0250044446,0.102055244,4.9854907e-06,30,1.26300001,2
1694210100000536,60837476,2458362.8777501816,58362.374768499998,20.0585537,0.105351359,0,zr,22.416833499999999,38.702998200000003,0.592999995,0.111000001,20180901374688,1694,0xa,0x1,20.8299999,26.2551098,0.0214314051,0.106491849,3.68871656e-06,30,1.05499995,2
1694210100000536,60944934,2458363.9524000208,58363.449340300001,20.1730614,0.114782609,0,zr,22.416916400000002,38.702916799999997,0.964999974,-0.157000005,20180902449329,1694,0xa,0x1,21.1100006,26.2325993,0.0197476763,0.100052439,3.12912812e-06,30,1.005,2
1694210100000536,61136966,2458365.872861152,58365.369664400001,20.2473354,0.121268965,0,zr,22.416943799999999,38.702977599999997,0.93599999,0.194999993,20180904369653,1694,0xa,0x1,21.3600006,26.2319012,0.0188936386,0.102920473,2.87869671e-06,30,1.04900002,2
1694210100000536,61239269,2458366.8959652768,58366.392696800001,20.1908989,0.116313949,0,zr,22.416951300000001,38.702970100000002,0.345999986,0.00600000005,20180905392685,1694,0xa,0x1,21.6200008,26.2464714,0.0185432639,0.102736875,2.76109745e-06,30,1.01699996,2
1694210100000536,61433355,2458368.8369551357,58368.333553199998,20.0490532,0.104599886,0,zr,22.416912,38.702959399999997,0.666999996,-0.136000007,20180907333507,1694,0xa,0x1,21.5499992,26.2376118,0.0190454256,0.0941012502,2.90575099e-06,30,1.10899997,2
1694210100000536,61833921,2458372.8428791156,58372.339212999999,20.2342548,0.120105684,0,zr,22.417036100000001,38.702931800000002,0.279000014,0.0170000009,20180911339213,1694,0xa,0x1,21.2800007,26.2738609,0.0172163341,0.0927834436,2.36062147e-06,30,1.07000005,2
1694210100000536,62037085,2458374.8746504467,58374.370856499998,20.1742172,0.114881381,0,zr,22.416922100000001,38.702961700000003,1.07099998,0.0179999992,20180913370833,1694,0xa,0x1,21.6200008,26.2698936,0.017398404,0.0976059139,2.40862141e-06,30,1.01699996,2
1694210100000536,62630336,2458380.8075096859,58380.303368100002,20.0226898,0.102538675,0,zr,22.416890200000001,38.7029444,0.796999991,-0.00200000009,20180919303356,1694,0xa,0x1,21.4500008,26.2679729,0.0223148391,0.0936212391,3.92738184e-06,30,1.10300004,2
1694210100000536,62931857,2458383.8228792641,58383.318576400001,20.0363064,0.103598699,0,zr,22.416899900000001,38.702935799999999,0.802999973,0.0549999997,20180922318553,1694,0xa,0x1,21.0900002,26.2273331,0.0275221076,0.097295247,6.01853026e-06,30,1.05299997,2
1694210100000536,63236017,2458386.8646280542,58386.360173599998,19.8870621,0.0924992189,0,zr,22.416876899999998,38.7029067,0.628000021,0.0280000009,20180925360093,1694,0xa,0x1,20.3199997,26.2521477,0.0248861779,0.105696425,4.9158557e-06,30,1.00399995,2
1694210100000536,66934135,2458423.8466260671,58423.341354199998,19.9102287,0.0941480324,0,zr,22.417007099999999,38.702936100000002,0.694000006,-0.0469999984,20181101341343,1694,0xa,0x1,20.8199997,26.1546135,0.0201638304,0.0791796744,3.15249031e-06,30,1.07299995,2
1694210100000536,67126340,2458425.7686612005,58425.263402800003,20.1492767,0.112766907,0,zr,22.416963599999999,38.702941299999999,0.488000005,-0.0109999999,20181103263380,1694,0xa,0x1,21.2299995,26.0787106,0.0247942191,0.102764301,4.77049571e-06,30,1.00100005,2
1694210100000536,67528491,2458429.7901307214,58429.284918999998,20.5437069,0.148795724,0,zr,22.416946500000002,38.703022500000003,0.774999976,0.0879999995,20181107284907,1694,0xa,0x1,21.2399998,26.2390118,0.0230346844,0.112152539,4.11086057e-06,30,1.01400006,2
1694210100000536,67732807,2458431.8332571606,58431.328078699997,19.9762897,0.098998405,0,zr,22.417182400000002,38.702756000000001,0.800000012,0.0869999975,20181109328056,1694,0xa,0x1,20.2999992,26.2167625,0.0278111715,0.0986813009,5.98357337e-06,30,1.09300005,2
1694210100000536,67831783,2458432.8229956394,58432.317835599999,20.1884022,0.116098665,0,zr,22.416907500000001,38.702914200000002,0.349000007,0.0260000005,20181110317824,1694,0xa,0x1,21,26.2490025,0.0208341312,0.0984192789,3.36192966e-06,30,1.07500005,2
1694210100000536,68128452,2458435.7896214318,58435.284525499999,20.2087898,0.11786662,0,zr,22.416815400000001,38.702990200000002,0.882000029,-0.0329999998,20181113284479,1694,0xa,0x1,20.4200001,26.2571392,0.0257191379,0.105705187,5.12883571e-06,30,1.03199995,2
1694210100000536,68328320,2458437.7882512654,58437.283206,20.1815338,0.115507916,0,zr,22.416800299999998,38.702922200000003,0.921999991,0.0949999988,20181115283183,1694,0xa,0x1,21.1399994,26.2611523,0.0199581478,0.100698166,3.08498375e-06,30,1.03699994,2
1694210100000536,68913349,2458443.6383584668,58443.133495399998,20.0852222,0.107486486,0,zr,22.416991800000002,38.702995199999997,0.828000009,-0.0270000007,20181121133495,1694,0xa,0x1,20.5100002,26.2436657,0.0266693048,0.101292618,5.55183533e-06,30,1.097,2
1694210100000536,69525017,2458449.7547938623,58449.250173599998,20.0820751,0.107232593,0,zr,22.416905799999999,38.702975299999999,0.675999999,-0.150999993,20181127250046,1694,0xa,0x1,20.6800003,26.2574348,0.0216011275,0.103121445,3.60829017e-06,30,1.03699994,2
1694210100000536,70222425,2458456.728540468,58456.224259299997,20.162466,0.113880999,0,zr,22.416989399999999,38.7029535,0.801999986,-0.0140000004,20181204224259,1694,0xa,0x1,21.1000004,26.2523594,0.0198188685,0.105142489,3.02521926e-06,30,1.028,2
1694210100000536,70319768,2458457.7019139715,58457.197685200001,20.2325516,0.119954735,0,zr,22.416659500000002,38.702896600000003,0.395999998,-0.0149999997,20181205197685,1694,0xa,0x1,20.7099991,26.2659359,0.0212116949,0.0961300507,3.50398727e-06,30,1.00699997,2
1694210100000536,95639290,2458710.894526972,58710.392905100001,20.0386257,0.103780255,0,zr,22.416941399999999,38.702917900000003,0.338,-0.0900000036,20190815392894,1694,0xa,0x1,20.6700001,26.1838684,0.0222107377,0.102239452,3.89213847e-06,30,1.12100005,2
1694210100000536,95639334,2458710.8949668193,58710.393344900003,20.3116627,0.127120212,0,zr,22.416754999999998,38.702949199999999,0.800000012,0.135000005,20190815393345,1694,0xa,0x1,20.6900005,26.1869144,0.0231717564,0.0987854749,4.21575123e-06,30,1.12,3
1694210100000536,95739612,2458711.8978282129,58711.396122700004,20.4790554,0.143333554,0,zr,22.4168263,38.703093000000003,0.386000007,-0.0860000029,20190816395926,1694,0xa,0x1,20.7999992,26.1822414,0.0231674556,0.0980215743,4.26970519e-06,30,1.10500002,2
1694210100000536,95740964,2458711.9113478456,58711.4096412,20.2413025,0.120731391,0,zr,22.4169512,38.702909300000002,1.35699999,-0.0450000018,20190816409641,1694,0xa,0x1,20.9599991,26.1904945,0.022273967,0.0976079851,3.96316909e-06,30,1.07299995,3
1694210100000536,95938672,2458713.8885946563,58713.3867245,20.0389118,0.103802659,0,zr,22.4169722,38.702922700000002,0.56400001,0.0359999985,20190818386725,1694,0xa,0x1,20.75,26.1621342,0.0253959689,0.0980803296,5.0767344e-06,30,1.11500001,3
1694210100000536,96350722,2458718.0094269756,58717.507222200002,20.0944862,0.108236939,0,zr,22.416812400000001,38.702893899999999,1.20700002,0.305000007,20190822507176,1694,0xa,0x1,20.6100006,26.1627045,0.0234624203,0.102233246,4.33687774e-06,30,1.02699995,2
1694210100000536,96350767,2458718.0098784002,58717.507673599997,20.0118351,0.101700485,0,zr,22.416876899999998,38.7030271,0.704999983,-0.141000003,20190822507674,1694,0xa,0x1,20.7000008,26.1680527,0.0225565694,0.100069501,4.02768273e-06,30,1.02699995,3
1694210100000536,96450755,2458719.0098424945,58718.507557899997,20.3381844,0.129595071,0,zr,22.416828200000001,38.702907500000002,0.388999999,-0.174999997,20190823507546,1694,0xa,0x1,20.6000004,26.1967144,0.0202397257,0.0827175453,3.2314349e-06,30,1.02999997,2
1694210100000536,96450800,2458719.0102939233,58718.5080093,20.1583729,0.113534428,0,zr,22.4169208,38.7029329,1.13800001,-0.115000002,20190823508009,1694,0xa,0x1,20.7299995,26.1788807,0.0204553735,0.100777037,3.29814316e-06,30,1.03100002,3
1694210100000536,96540868,2458719.9110365864,58719.408680599998,20.3122082,0.127170786,0,zr,22.416818200000002,38.702873699999998,1.23500001,-0.180999994,20190824408669,1694,0xa,0x1,21.1499996,26.155632,0.0198236257,0.0992112234,3.09890015e-06,30,1.03699994,2
1694210100000536,97039087,2458724.8936207686,58724.390879600003,20.2424927,0.120837264,0,zr,22.416910099999999,38.702941899999999,0.97299999,0.0970000029,20190829390880,1694,0xa,0x1,21.4300003,26.1506824,0.0177796222,0.0977939442,2.51140295e-06,30,1.04299998,3
1694210100000536,97239001,2458726.8929023412,58726.3900116,20.3032265,0.126340687,0,zr,22.4168965,38.7029627,0.926999986,-0.0579999983,20190831389988,1694,0xa,0x1,21.7099991,26.1556873,0.0206332654,0.0956127793,3.32339232e-06,30,1.03600001,2
1694210100000536,97239046,2458726.8933537761,58726.390463000003,20.2830887,0.124494463,0,zr,22.416905,38.7029371,0.949000001,-0.118000001,20190831390463,1694,0xa,0x1,21.75,26.1645679,0.0199934598,0.0973636582,3.10380983e-06,30,1.03499997,3
1694210100000536,98434368,2458738.8473941139,58738.343680600003,20.2399826,0.120613918,0,zr,22.416839800000002,38.703003000000002,0.633000016,-0.162,20190912343611,1694,0xa,0x1,20.7000008,26.1576519,0.0253408346,0.105508059,5.11831604e-06,30,1.05799997,2
1694210100000536,98434413,2458738.8478454412,58738.344131899998,20.5800304,0.151578784,0,zr,22.4169667,38.702939499999999,0.920000017,-0.023,20190912344132,1694,0xa,0x1,20.8700008,26.1647282,0.022654878,0.0968418568,4.08209962e-06,30,1.05700004,3
1694210100000536,98544370,2458739.9474860691,58739.443703700003,20.348772,0.130593181,0,zr,22.416819,38.702954699999999,1.42799997,0.308999985,20190913443542,1694,0xa,0x1,20.6399994,26.1574402,0.0231808145,0.103222623,4.28950216e-06,30,1.023,2
1694210100000536,98544415,2458739.9479375035,58739.444155099998,20.0658493,0.105931744,0,zr,22.416823399999998,38.702841300000003,0.523000002,-0.158999994,20190913444155,1694,0xa,0x1,20.5499992,26.1495132,0.0251678806,0.109843723,5.03526235e-06,30,1.023,3
1694210100000536,98642331,2458740.9271528106,58740.4233102,20.0557575,0.105129801,0,zr,22.416887599999999,38.702962800000002,0.354999989,0.247999996,20190914423287,1694,0xa,0x1,20.3099995,26.1609344,0.0276580267,0.107869826,6.03941453e-06,30,1.00800002,2
1694210100000536,98642376,2458740.9276042469,58740.423761600003,20.1004105,0.108718991,0,zr,22.416859800000001,38.7028362,0.605000019,0.0890000015,20190914423762,1694,0xa,0x1,20.4599991,26.1535873,0.0253940914,0.104301192,5.11525286e-06,30,1.00899994,3
1694210100000536,98740024,2458741.9041447747,58741.400243099997,20.2912483,0.125240073,0,zr,22.416916499999999,38.702947000000002,0.449999988,-0.144999996,20190915400243,1694,0xa,0x1,20.3199997,26.1588001,0.0286954474,0.0982893035,6.51529081e-06,30,1.00199997,2
1694210100000536,99140658,2458745.9107185542,58745.406585600002,20.1612797,0.113780536,0,zr,22.416946100000001,38.702910899999999,0.884000003,0.0469999984,20190919406586,1694,0xa,0x1,20.7600002,26.1705933,0.0208902694,0.0971856564,3.44761293e-06,30,1.00699997,3
1694210100000536,99341656,2458747.9208046133,58747.416562500002,20.1301079,0.111164056,0,zr,22.416847499999999,38.7029724,0.685000002,-0.109999999,20190921416539,1694,0xa,0x1,21.0699997,26.1432228,0.0192657951,0.0990466103,2.94327378e-06,30,1.01800001,2
1694210100000536,99341701,2458747.9212560342,58747.417013899998,20.1849365,0.115800209,0,zr,22.416981100000001,38.702947600000002,0.425000012,0.0399999991,20190921417002,1694,0xa,0x1,21.0799999,26.1440525,0.0211492665,0.101225488,3.55595034e-06,30,1.01800001,3
1694210100000536,99431780,2458748.822090406,58748.317800899997,20.4162331,0.137085646,0,zr,22.416875900000001,38.702920200000001,0.572000027,-0.0149999997,20190922317789,1694,0xa,0x1,21.3199997,26.1464176,0.0200543515,0.0996467099,3.215074e-06,30,1.05499995,2
1694210100000536,99630886,2458750.8132564547,58750.308865699997,20.1184406,0.110198051,0,zr,22.416906399999998,38.702956800000003,1.03299999,0.0460000001,20190924308866,1694,0xa,0x1,21.2199993,26.0890656,0.0204326939,0.0973153412,3.30721446e-06,30,1.06200004,2
1694210100000536,99630931,2458750.8137078811,58750.3093171,20.1558514,0.113321193,0,zr,22.416913300000001,38.702893799999998,0.476999998,-0.0170000009,20190924309317,1694,0xa,0x1,21.2700005,26.0804768,0.0207852516,0.102958404,3.39804546e-06,30,1.06099999,3
1694210100000536,99728490,2458751.789346003,58751.284907399997,20.2151012,0.118418343,0,zr,22.4167858,38.702986799999998,0.612999976,0.0759999976,20190925284896,1694,0xa,0x1,21.2399998,26.1002102,0.0210064985,0.0985100716,3.53205382e-06,30,1.11000001,2
1694210100000536,99728535,2458751.7897974285,58751.2853588,20.1747093,0.114923537,0,zr,22.4168044,38.702916999999999,0.731999993,-0.201000005,20190925285359,1694,0xa,0x1,21.2399998,26.0968227,0.0204414856,0.0994401276,3.31705633e-06,30,1.10899997,3
1694210100000536,100433030,2458758.8350486672,58758.330300900001,20.3618145,0.131830424,0,zr,22.416814599999999,38.702977599999997,1.32200003,-0.185000002,20191002330289,1694,0xa,0x1,21.3700008,26.1631927,0.0186801273,0.0953644291,2.74712806e-06,30,1.00899994,2
1694210100000536,100433075,2458758.8355000829,58758.330752299997,20.1896839,0.11620903,0,zr,22.4169792,38.702950299999998,0.842999995,-0.0430000015,20191002330752,1694,0xa,0x1,21.4699993,26.158062,0.0198069382,0.0992535427,3.11663439e-06,30,1.00800002,3
1694210100000536,100530135,2458759.8061393881,58759.301354199997,20.0132275,0.101807646,0,zr,22.416980599999999,38.702983500000002,0.614000022,-0.0930000022,20191003301308,1694,0xa,0x1,21.4400005,26.1567974,0.0204850808,0.10006465,3.28015039e-06,30,1.03400004,2
1694210100000536,100530179,2458759.8065792075,58759.301793999999,20.2259693,0.119373485,0,zr,22.4169497,38.7029511,0.800000012,0.00300000003,20191003301794,1694,0xa,0x1,21.5,26.1535454,0.0206908528,0.0990653336,3.36186804e-06,30,1.03299999,3
1694210100000536,100736262,2458761.8674876639,58761.362627299997,20.113596,0.10979899,0,zr,22.416863599999999,38.703030699999999,0.875999987,0.0780000016,20191005362616,1694,0xa,0x1,21.1299992,26.1571789,0.0203926545,0.10119994,3.33597654e-06,30,1.00699997,2
1694210100000536,100736306,2458761.8679274851,58761.363067099999,20.1785431,0.115251571,0,zr,22.416918200000001,38.7029116,0.619000018,-0.0820000023,20191005363067,1694,0xa,0x1,21.2900009,26.1581249,0.0208330527,0.0987224132,3.44065802e-06,30,1.00699997,3
1694210100000536,100928445,2458763.7893811208,58763.284456000001,20.0491009,0.104603648,0,zr,22.416899999999998,38.702973999999998,0.500999987,-0.0379999988,20191007284375,1694,0xa,0x1,20.7900009,26.1523418,0.022617178,0.106734827,4.05014862e-06,30,1.04299998,2
1694210100000536,100928489,2458763.7898209342,58763.284895800003,20.1429214,0.112233475,0,zr,22.416990999999999,38.702969000000003,0.777999997,-0.108999997,20191007284896,1694,0xa,0x1,20.8299999,26.1481743,0.0234031044,0.109486751,4.36782329e-06,30,1.04200006,3
